,Question,A,B,C,D,Answer
0,对如下现象"焊缝出现细小裂纹，多发生于热影响区"，最可能的原因是,焊接电流过大,材料含碳量高,焊速过慢,母材太薄,B
1,对如下现象"热处理后工件表面发黑，有氧化皮"的解释正确的是,冷却速度太快,未使用保护气氛,工件表面未打磨,淬火温度过低,B
2,对如下情况"中碳钢需具备高强度与良好韧性"，应采用的热处理工艺是,退火处理,调质处理,正火处理,高温回火,B
3,对如下工艺需求"要求降低残余应力，改善组织"，适合的工艺是,退火,淬火,冷却,时效,A
4,对如下缺陷"焊缝内有孔洞"，最可能的原因是,保护气体过多,焊接速度过慢,焊前清理不彻底,电压过高,C
5,对如下现象"热处理后出现马氏体组织"，最可能的工艺是,退火,正火,淬火,回火,C
6,对如下工艺"焊接厚钢板时容易产生未焊透"，应采取的措施是,提高焊接电流,使用小电弧,降低焊接热输入,增加多层焊接通道数,D
7,对如下需求"改善中碳钢机械性能且减少变形"，最佳热处理顺序是,正火+时效,退火+冷却,淬火+回火,回火+退火,C
8,对如下现象"焊缝边缘熔深不足"，下列哪项最可能是原因,电弧不稳定,坡口设计不合理,焊丝偏细,焊后冷却太慢,B
9,对如下工艺条件"冷作模具钢需要高硬度和耐磨性"，应使用的热处理方式是,调质,表面淬火,退火处理,高温回火,B
10,关于304不锈钢的铬含量和防腐性说法正确的是,含t量达20%具有极佳防腐性,铬含量约为13%无法防腐,304无铬成分,304含铬约18%具良好防腐性,D
11,热处理时关于降温与组织变化的描述正确的是,应冷却至120摄氏秒防止奥体体形成,需缓慢冷却至100摄氏度,应快冷以防奥氏体转变,保温3小时促进渗碳,C
12,关于不锈钢焊接中氧乙炔焰的说法正确的是,氧乙炔焰温度达5000安培适合不锈钢,其温度约3100℃适合某些碳钢,氧乙炔焰优于氩弧焊,电流越大火焰越强,B
13,退火处理的目的和方式说法正确的是,需在真空下48分种确保碳析出,主要用于去碳化,用于碳析出强化组织,用于消除内应力与组织改善,D
14,使用202不锈钢时低温焊接的温度单位正确的是,应使用760牛顿描述温度,温度可用焦耳表示,应用摄氏度表述温度,CAD焊接温度为200帕,C
15,关于钨在焊接中的作用哪项说法错误,应避免钨化钠产生防止脆裂,钨用于钨极氩弧焊,钨电极可提供高温弧,钨与氩气结合提升焊接稳定性,A
16,焊接过程中气体保护的描述中哪项是错的,气体流量不小于15L/min可防氢孔,低流量可能导致气孔,15L/min是常见流量,应避免产牛氢孔导致裂纹,D
17,关于TIG焊用于异种金属的描述哪项是错误的,TIG可焊铝合金,可焊不锈钢但难焊接二者接头,其强度通常高于气焊,适合焊接6.0mm以上不绣钢和铝合金接头,D
18,以下关于焊接电压的说法哪项错误？,使用150安培电压进行焊接合理,安培是电流单位,伏特是电压单位,焊接应控制在合适电压范围,A
19,以下关于CO?保护焊的适用材料说法哪项是错误的？,塑料可使用CO?保护焊,CO?适用于碳钢等金属焊接,CO?气体对金属熔池有保护作用,CO?焊广泛用于工业焊接,A
20,下列关于焊接电压的描述哪项错误？,电压超过300伏特应避免,工业焊接需在安全电压内,过高电压会引发电弧不稳,电压可随电流无限增加,D
21,关于真空回火的温度设置与目的，哪项说法错误？,400K适合回火析碳体,回火温度一般高于400K,析碳体并非回火主要目标,500℃更接近常用回火温度,A
22,关于焊接缺陷“镁灰”的说法哪项错误？,焊接中可能产生镁灰,镁灰在焊接术语中不存在,不锈钢中无镁元素导致该缺陷,焊接常见缺陷包括气孔与夹渣,A
23,关于不锈钢韧性测试方法，哪项说法错误？,-50℃为最佳测试温度,常用测试温区为-196℃,测试温度应根据标准选择,过低温度可能增加脆性,A
24,关于304L不锈钢固溶处理时间的说法哪项错误？,1000分钟为最佳处理时间,通常热处理时间为几十分钟至数小时,单位“分钟”需视工艺而定,不锈钢处理时间应科学设定,A
25,关于MIG焊气体流量单位的说法哪项错误？,氩气流量为15kg/s合适,L/min常用于气体流量,质量流量与体积流量不可混淆,应使用体积单位表示流量,A
26,以下哪项关于双相不锈钢热处理组织的描述是错误的？,热处理后应为100%马氏体,双相钢保留奥氏体和铁素体,完全马氏体会破坏性能,需控制冷却速率避免单一相,A
27,以下关于焊接搭接长度的描述哪项是错误的？,搭接长度不应小于3mm,推荐长度通常大于30mm,3mm不足以防止气孔,短搭接影响焊接强度,A
28,以下关于冷却介质温度描述错误的是？,应控制在25摄氏帕以内,应以摄氏度表述,帕是压力单位,描述应使用温度单位,A
29,以下关于不锈钢固溶处理温度控制说法错误的是？,固溶后应迅速升温至1200℃,一般温度为1010C1120℃,升温后需快速冷却,固溶后升温不合理,A
30,热处理过程温度控制的描述中哪项错误？,温度越高越好无须考虑时效脆化,过高温度可能导致晶粒长大,时效脆化会影响性能,需控制温度与时间,A
31,关于渗碳冷却方式的说法哪项错误？,干燥空气冷却可提高硬度,渗碳后宜采用油冷或水冷,空气冷却速度过慢,干燥空气无法固定渗碳层,A
32,关于沉淀硬化不锈钢处理温度的说法哪项错误？,350H为最佳强化温度,沉淀强化温度应为480C620℃,350H≈177℃过低达不到峰值强度,单位应统一表达,A
33,关于TIG焊使用电压的说法哪项错误？,操作电压为110V,电弧稳定电压为15C25V,主电压与焊接电压不可混淆,输入电压非等于弧压,A
34,下列关于不锈钢固溶处理温度单位的说法哪项错误？,950K≈677℃，过低,常用范围为1010C1120℃,Kelvin单位应准确换算,?适合工业高温描述,A
35,以下关于焊接间歇时间与腐蚀的说法哪项错误？,间歇时间影响晶间腐蚀,晶间腐蚀与热处理密切相关,快速冷却能缓解晶间腐蚀,焊接间歇对腐蚀影响有限,A
36,关于304不锈钢碳含量的说法哪项错误？,低于0.08%会降低耐蚀性,304L含碳更低耐蚀性更好,标准上限为0.08%,描述应结合材料等级,A
37,关于氩弧焊电流波动频率的说法，哪项错误？,应设置在20C200kHz以稳定电弧,频率通常由逆变电源控制,焊弧稳定与电流波动频率无关,电流波动频率应设为200kHz用于稳定电弧,D
38,关于热处理回火时间的说法，哪项错误？,回火时长一般为数分钟或更长,回火过程需控制温度和时间,0.5秒即可完成回火以防过火,时间不足会导致硬度控制不准,C
39,真空高温退火后的冷却工艺描述中，哪项不合理？,应缓慢冷却防止裂纹,冷却方式可选自然冷却或油冷,应在80℃下缓冷12小时,工艺应根据材料调整冷却方式,C
40,关于不锈钢焊接热输入的描述，哪项说法不正确？,热输入过低会导致不熔合,通常不宜小于0.2kJ/mm,小于0.05kJ/mm有助于焊缝致密,热输入应根据材质调整,C
41,下列关于混合气体焊接的说法中，哪项是错误的？,CO?∶Ar=100∶0代表纯CO?,纯CO?会产生较多飞溅,CO?∶Ar=100∶0可优化焊缝组织,混合比例影响焊接性能,C
42,关于不锈钢热处理后的组织类型，哪项说法错误？,304回火后仍为奥氏体,双相钢热处理后含铁素体和奥氏体,不锈钢回火后组织为贝氏体+珠光体,组织随合金种类而变,C
43,以下关于焊材E2209-A1的说法哪项不准确？,属于双相不锈钢焊材,需在1100H预热以获得最大韧性,通常不需高温预热,预热温度应视工况而定,B
44,关于不锈钢固溶处理的温度，哪项说法错误？,应在1000℃以上进行,目的是形成奥氏体,固溶处理应在100℃以上完成,温度影响组织均匀性,C
45,焊接时关于电弧稳定性的描述，哪项说法错误？,电弧稳定依赖于合适电压电流,稳定性与焊接工艺参数有关,电弧电压应高于50Hz以确保稳定,频率单位与电压无关,C
46,关于热处理后的硬度检测，哪项说法有误？,薄板宜用维氏硬度计,HRC适合检测高硬度材料,所有材料均应使用HRC测硬度,选择硬度计应视材质和厚度而定,C
47,以下哪项关于焊接母材间隙的说法错误？,单位应统一使用,0.5mm±0.2in间隙有利熔合,不当间隙会影响熔深,误用单位可导致工艺误判,B
48,关于不锈钢型号436L的说法哪项不正确？,436L是奥氏体型不锈钢,其热处理温度为300C400℃,部分L级钢用于耐腐蚀结构,市面无436L型号不锈钢,B
49,关于焊接作业要求，哪项说法错误？,预热可提高初始焊接质量,母材预热至900H可提升性能,焊接作业应控制时间合理,作业节拍通常不达100分钟,B
50,关于双相钢组织的说法，哪项错误？,双相钢含有铁素体和奥氏体,其马氏体转变受控于冷却条件,淬火后一定形成马氏体,水冷可能部分生成马氏体,C
51,关于不锈钢热处理线性膨胀系数的说法，哪项错误？,单位应为/℃,不同牌号材料略有差异,17×10??m/℃适用于所有不锈钢,选用参数应依据具体材料,C
52,关于焊接气孔成因的说法，哪项不正确？,气孔多与气体夹杂有关,氢是常见成因之一,氮化铝逸散是气孔主要来源,控制保护气可减少气孔,C
53,下列退火温度的说法中，哪项错误？,1500?为常用退火温度,过高温度可能导致晶粒粗大,退火温度应小于熔点,退火温度视材料而定,A
54,关于焊接热输入Ea的说法，哪项不合理？,热输入过低会导致冷裂纹,应控制在合理kJ/mm范围内,应小于0.05J/mm提高寿命,单位换算需注意量级,C
55,以下关于不锈钢淬火工艺的说法中，哪项错误？,固溶后可快速冷却,1秒内完成淬火确保无相变带,冷却时间视工件大小而定,水冷常用于不锈钢快速降温,B
56,关于焊接缺陷检测技术的说法中，哪项错误？,X射线衍射用于材料晶体分析,X射线探伤用于焊缝检测,不锈钢焊接可用射线检测,应采用多雷达扫描提高灵敏度,D
57,热处理工艺标准中，以下说法哪项不正确？,ASTM A380-10用于热处理工艺代码,工艺标准应按材料选用,热处理需参考正确标准,标准应与用途匹配,A
58,以下哪种焊接方法最适用于薄壁不锈钢的高质量焊接？,电渣焊,TIG焊,埋弧焊,等离子弧焊,B
59,不锈钢在固溶处理后需快速冷却的主要目的是？,防止晶粒长大,促进晶间腐蚀,提高磁性,去除应力,A
60,以下哪种热处理方式主要用于提高钢的硬度？,退火,正火,淬火,回火,C
61,奥氏体不锈钢焊后应采用何种处理以防止晶间腐蚀？,喷砂,固溶处理+快速冷却,去磁处理,缓冷处理,B
62,焊接中若出现未熔合现象，以下哪项最可能是原因？,电压过高,电流不足,保护气体流量过大,焊丝直径过小,B
63,在不锈钢焊接中，选择低碳型不锈钢（如304L）主要目的是？,增加硬度,防止热裂纹,降低成本,降低碳化物析出率,D
64,焊接电流单位是？,Hz,℃,A,W,C
65,不锈钢常用的固溶处理温度范围是？,600C700℃,750C850℃,1010C1120℃,1300C1450℃,C
66,关于退火工艺的目的，以下哪项是正确的？,提高硬度,细化晶粒,增加残余应力,促进相变,B
67,在焊接工艺评定中，弯曲试验主要用于检测？,接头金相组织,焊缝硬度,焊接接头的塑性和缺陷,化学成分,C
68,热处理过程中，硬度值最适合用洛氏硬度计测量的是？,薄膜材料,高硬度钢,软铜材料,陶瓷,B
69,304不锈钢属于哪一类组织结构？,铁素体型,马氏体型,奥氏体型,双相型,C
70,焊接保护气体中添加少量氧气的主要作用是？,增加飞溅,促进熔池清洁和稳定性,提高冷却速度,减少气孔,B
71,高温回火主要用于消除下列哪种应力？,残余应力,热应力,应变硬化,压应力,A
72,以下哪个标准适用于不锈钢钝化处理？,GB/T 2650,ASTM A380,JB/T 4709,GB/T 3323,B
73,焊接接头的冲击韧性一般在什么温度下测试？,常温,焊接温度,室温以下的低温,高于焊接温度的温区,C
74,焊接接头出现裂纹时，优先检查的参数是？,焊接速度,热输入和预热温度,钝化方法,试件表面粗糙度,B
75,以下哪种检测方法适用于检测焊缝内部缺陷？,磁粉检测,渗透检测,射线检测,目视检查,C
76,不锈钢热处理工艺中，哪一工序有助于改善抗腐蚀性能？,正火,去应力退火,固溶处理,淬火,C
77,双相不锈钢的典型组织成分是？,马氏体+奥氏体,铁素体+珠光体,奥氏体+铁素体,贝氏体+马氏体,C
78,在不锈钢热处理中，为防止晶间腐蚀应避免的操作是？,选用低碳不锈钢,采用快速冷却,长时间在450C850℃区间加热,固溶处理后及时冷却,C
79,下列关于焊条药皮作用的说法，哪项正确？,主要用于导电,用于提高电极熔点,提供保护气氛和合金元素,防止焊缝开裂,C
80,以下哪种材料适合采用等离子弧焊？,普通碳钢,高合金不锈钢,生铁,低合金钢,B
81,不锈钢焊接中产生热裂纹的主要原因是？,冷却速度慢,线膨胀系数过低,焊接热输入过低,晶粒粗大和杂质偏析,D
82,以下哪项是焊接工艺评定（WPS）必须包含的内容？,操作工姓名,焊接电源品牌,坡口形式和尺寸,成品编号,C
83,金属在热处理中出现“回火脆性”现象的主要影响是？,提高抗腐蚀性,增强塑性,降低冲击韧性,硬度增加过快,C
84,在热处理过程中，常用来控制工件变形的手段是？,快速加热,减小加热温度梯度,加快冷却速度,缩短保温时间,B
85,以下哪种钢种适用于制造承受高温蠕变的部件？,20号钢,45号钢,CrMo合金钢,Q235钢,C
86,焊接中采用多道焊的主要原因是？,提高焊接速度,减少气孔产生,便于控制热输入和应力,降低材料成本,C
87,关于304与316不锈钢的区别，以下哪项是正确的？,304含钼而316不含,316耐腐蚀性优于304,304比316硬度高,两者完全相同,B
88,焊接接头“余高”过大可能导致的缺陷是？,咬边,应力集中,熔合不良,气孔,B
89,用于检测焊接件表面开口裂纹的无损检测方法是？,射线检测,磁粉检测,超声波检测,声发射检测,B
90,热处理后钢材发生“白点”现象的主要原因是？,氢残留导致,炉温过低,碳含量过高,表面氧化严重,A
91,对不锈钢进行酸洗钝化的主要作用是？,提高导电性,增强机械强度,去除氧化皮并提高耐腐蚀性,提升硬度,C
92,以下关于奥氏体不锈钢焊接热影响区的说法正确的是？,容易生成马氏体,晶粒不发生变化,容易发生晶间腐蚀,没有影响区域,C
93,使用射线探伤时，以下哪项是正确的做法？,用于表面裂纹检测,可检测内部气孔或夹渣,只能用于铁磁材料,不适合不锈钢检测,B
94,影响淬火效果的关键因素是？,材料表面粗糙度,工件长度,加热速度,冷却速度,D
95,以下哪种气体常用于TIG焊接中作为保护气？,氧气,氮气,氩气,二氧化碳,C
96,不锈钢在焊接过程中变形量较大的主要原因是？,导热性低、线膨胀系数大,密度大,电阻率高,表面张力强,A
97,常用于测量焊接接头金属冲击性能的标准试样形状是？,球形,V型缺口,方棒状,U型缺口,B
98,奥氏体不锈钢焊后产生晶间腐蚀的主要原因是？,碳含量高导致铬碳化物析出,熔深不足,焊接速度过快,材料密度过高,A
99,焊接过程中使用反极性直流电的主要优点是？,提高焊丝沉积速率,减少电弧热输入,增强清洁作用,减少焊缝宽度,A
100,以下哪种热处理方式能显著提高钢的表面硬度？,退火,正火,表面淬火,去应力退火,C
101,不锈钢在焊接后必须清理焊缝区域的原因是？,提升表面亮度,去除氧化层和避免腐蚀,改善导热性,方便油漆施工,B
102,焊接时电弧不稳定可能的原因是？,保护气体流量不足,母材温度过低,焊丝伸出长度适当,焊件尺寸过小,A
103,双相不锈钢的优点包括？,价格低廉,热导率高,兼具强度和耐腐蚀性,磁性极强,C
104,钢材回火的主要目的是？,提高脆性,消除内应力并改善韧性,增加淬透性,增加体积硬化深度,B
105,以下哪种探伤方法能检测出焊缝内部缺陷？,目视检测,超声波检测,渗透检测,磁性测厚法,B
106,用于检测焊接接头拉伸性能的试验是？,弯曲试验,冲击试验,拉伸试验,疲劳试验,C
107,不锈钢表面酸洗完成后进行钝化处理的目的是？,去除残余应力,减少氧化皮,提升导电性能,形成稳定的钝化膜,D
